--
-- PostgreSQL database dump
--

-- Dumped from database version 16.8
-- Dumped by pg_dump version 16.8

SET statement_timeout = 0;
SET lock_timeout = 0;
SET idle_in_transaction_session_timeout = 0;
SET client_encoding = 'UTF8';
SET standard_conforming_strings = on;
SELECT pg_catalog.set_config('search_path', '', false);
SET check_function_bodies = false;
SET xmloption = content;
SET client_min_messages = warning;
SET row_security = off;

SET default_tablespace = '';

SET default_table_access_method = heap;

--
-- Name: DuelQuestions; Type: TABLE; Schema: public; Owner: postgres
--

CREATE TABLE public."DuelQuestions" (
    "Id" integer NOT NULL,
    "DuelId" integer NOT NULL,
    "QuestionId" integer NOT NULL,
    "QuestionOrder" integer NOT NULL,
    "FirstUserAnswer" text,
    "SecondUserAnswer" text,
    "IsFirstUserAnswerCorrect" boolean,
    "IsSecondUserAnswerCorrect" boolean,
    "AnswerTime" timestamp with time zone,
    "FirstUserSubmitted" boolean DEFAULT false NOT NULL,
    "SecondUserSubmitted" boolean DEFAULT false NOT NULL
);


ALTER TABLE public."DuelQuestions" OWNER TO postgres;

--
-- Name: DuelQuestions_Id_seq; Type: SEQUENCE; Schema: public; Owner: postgres
--

ALTER TABLE public."DuelQuestions" ALTER COLUMN "Id" ADD GENERATED BY DEFAULT AS IDENTITY (
    SEQUENCE NAME public."DuelQuestions_Id_seq"
    START WITH 1
    INCREMENT BY 1
    NO MINVALUE
    NO MAXVALUE
    CACHE 1
);


--
-- Name: Duels; Type: TABLE; Schema: public; Owner: postgres
--

CREATE TABLE public."Duels" (
    "Id" integer NOT NULL,
    "FirstUserId" integer NOT NULL,
    "SecondUserId" integer NOT NULL,
    "StartTime" timestamp with time zone NOT NULL,
    "EndTime" timestamp with time zone,
    "WinnerId" integer,
    "IsDraw" boolean NOT NULL,
    "IsCompleted" boolean NOT NULL,
    "FirstUserCorrectAnswers" integer NOT NULL,
    "SecondUserCorrectAnswers" integer NOT NULL,
    "Status" text DEFAULT ''::text NOT NULL
);


ALTER TABLE public."Duels" OWNER TO postgres;

--
-- Name: Duels_Id_seq; Type: SEQUENCE; Schema: public; Owner: postgres
--

ALTER TABLE public."Duels" ALTER COLUMN "Id" ADD GENERATED BY DEFAULT AS IDENTITY (
    SEQUENCE NAME public."Duels_Id_seq"
    START WITH 1
    INCREMENT BY 1
    NO MINVALUE
    NO MAXVALUE
    CACHE 1
);


--
-- Name: Questions; Type: TABLE; Schema: public; Owner: postgres
--

CREATE TABLE public."Questions" (
    "Id" integer NOT NULL,
    "Text" text NOT NULL,
    "CorrectAnswer" text NOT NULL,
    "Explanation" text,
    "Difficulty" integer NOT NULL,
    "Category" text NOT NULL,
    "BlanksData" jsonb,
    "CreatedAt" timestamp with time zone DEFAULT '-infinity'::timestamp with time zone NOT NULL,
    "Options" jsonb,
    "QuestionType" integer DEFAULT 0 NOT NULL
);


ALTER TABLE public."Questions" OWNER TO postgres;

--
-- Name: Questions_Id_seq; Type: SEQUENCE; Schema: public; Owner: postgres
--

ALTER TABLE public."Questions" ALTER COLUMN "Id" ADD GENERATED BY DEFAULT AS IDENTITY (
    SEQUENCE NAME public."Questions_Id_seq"
    START WITH 1
    INCREMENT BY 1
    NO MINVALUE
    NO MAXVALUE
    CACHE 1
);


--
-- Name: Users; Type: TABLE; Schema: public; Owner: postgres
--

CREATE TABLE public."Users" (
    "Id" integer NOT NULL,
    "Username" character varying(50) NOT NULL,
    "Email" text NOT NULL,
    "PasswordHash" text NOT NULL,
    "RegistrationDate" timestamp with time zone NOT NULL,
    "TotalWins" integer NOT NULL,
    "TotalLosses" integer NOT NULL,
    "Rating" integer NOT NULL,
    "IsSearchingOpponent" boolean NOT NULL
);


ALTER TABLE public."Users" OWNER TO postgres;

--
-- Name: Users_Id_seq; Type: SEQUENCE; Schema: public; Owner: postgres
--

ALTER TABLE public."Users" ALTER COLUMN "Id" ADD GENERATED BY DEFAULT AS IDENTITY (
    SEQUENCE NAME public."Users_Id_seq"
    START WITH 1
    INCREMENT BY 1
    NO MINVALUE
    NO MAXVALUE
    CACHE 1
);


--
-- Name: __EFMigrationsHistory; Type: TABLE; Schema: public; Owner: postgres
--

CREATE TABLE public."__EFMigrationsHistory" (
    "MigrationId" character varying(150) NOT NULL,
    "ProductVersion" character varying(32) NOT NULL
);


ALTER TABLE public."__EFMigrationsHistory" OWNER TO postgres;

--
-- Data for Name: DuelQuestions; Type: TABLE DATA; Schema: public; Owner: postgres
--

COPY public."DuelQuestions" ("Id", "DuelId", "QuestionId", "QuestionOrder", "FirstUserAnswer", "SecondUserAnswer", "IsFirstUserAnswerCorrect", "IsSecondUserAnswerCorrect", "AnswerTime", "FirstUserSubmitted", "SecondUserSubmitted") FROM stdin;
1	1	3	0	\N	\N	f	f	2025-06-05 23:39:29.349248+03	t	t
2	1	5	1	\N	\N	f	f	2025-06-05 23:39:29.35079+03	t	t
3	1	4	2	\N	\N	f	f	2025-06-05 23:39:29.352027+03	t	t
4	1	6	3	\N	\N	f	f	2025-06-05 23:39:29.353151+03	t	t
71	15	4	0	\N	\N	f	f	2025-06-06 01:20:35.158739+03	t	t
72	15	5	1	\N	\N	f	f	2025-06-06 01:20:35.162075+03	t	t
73	15	6	2	\N	\N	f	f	2025-06-06 01:20:35.166064+03	t	t
8	2	7	2	\N	\N	f	f	2025-06-05 23:41:30.669588+03	t	t
9	2	4	3	\N	\N	f	f	2025-06-05 23:41:30.670628+03	t	t
10	2	3	4	\N	\N	f	f	2025-06-05 23:41:30.671936+03	t	t
74	15	3	3	\N	\N	f	f	2025-06-06 01:20:35.169236+03	t	t
12	3	3	1	\N	\N	f	f	2025-06-05 23:48:52.019171+03	t	t
13	3	7	2	\N	\N	f	f	2025-06-05 23:48:52.020204+03	t	t
75	15	7	4	\N	\N	f	f	2025-06-06 01:20:35.171633+03	t	t
15	3	6	4	\N	\N	f	f	2025-06-05 23:48:52.022177+03	t	t
16	4	7	0	\N	\N	f	f	2025-06-06 00:03:03.821321+03	f	f
17	4	3	1	\N	\N	f	f	2025-06-06 00:03:03.822716+03	f	f
18	4	6	2	\N	\N	f	f	2025-06-06 00:03:03.82368+03	f	f
20	4	4	4	\N	\N	f	f	2025-06-06 00:03:03.825681+03	f	f
21	5	7	0	\N	\N	f	f	2025-06-06 00:12:32.4224+03	f	f
23	5	5	2	\N	\N	f	f	2025-06-06 00:12:32.426473+03	f	f
25	5	3	4	\N	\N	f	f	2025-06-06 00:12:32.430994+03	f	f
27	6	7	1	\N	\N	f	f	2025-06-06 00:14:05.278738+03	f	f
28	6	6	2	\N	\N	f	f	2025-06-06 00:14:05.279826+03	f	f
29	6	3	3	\N	\N	f	f	2025-06-06 00:14:05.280949+03	f	f
30	6	5	4	\N	\N	f	f	2025-06-06 00:14:05.281827+03	f	f
31	7	3	0	\N	\N	f	f	2025-06-06 00:19:28.110068+03	f	f
33	7	7	2	\N	\N	f	f	2025-06-06 00:19:28.111789+03	f	f
34	7	6	3	\N	\N	f	f	2025-06-06 00:19:28.112713+03	f	f
35	7	5	4	\N	\N	f	f	2025-06-06 00:19:28.113642+03	f	f
36	8	7	0	\N	\N	f	f	2025-06-06 00:25:38.041943+03	f	f
76	16	4	0	1	0	f	f	2025-06-06 02:00:33.476663+03	t	t
38	8	3	2	\N	\N	f	f	2025-06-06 00:25:38.048123+03	f	f
39	8	5	3	\N	\N	f	f	2025-06-06 00:25:38.051238+03	f	f
40	8	6	4	\N	\N	f	f	2025-06-06 00:25:38.053792+03	f	f
41	9	3	0	\N	\N	f	f	2025-06-06 00:26:13.489305+03	f	f
42	9	7	1	\N	\N	f	f	2025-06-06 00:26:13.489919+03	f	f
77	16	5	1	0	1	f	f	2025-06-06 02:00:33.477333+03	t	t
44	9	4	3	\N	\N	f	f	2025-06-06 00:26:13.490783+03	f	f
45	9	6	4	\N	\N	f	f	2025-06-06 00:26:13.491566+03	f	f
46	10	5	0	\N	\N	f	f	2025-06-06 00:29:18.32707+03	f	f
47	10	7	1	\N	\N	f	f	2025-06-06 00:29:18.328571+03	f	f
78	16	6	2	0	1	f	f	2025-06-06 02:00:33.478504+03	t	t
49	10	6	3	\N	\N	f	f	2025-06-06 00:29:18.333196+03	f	f
50	10	4	4	\N	\N	f	f	2025-06-06 00:29:18.334923+03	f	f
51	11	4	0	\N	\N	f	f	2025-06-06 00:36:20.993802+03	f	f
52	11	6	1	\N	\N	f	f	2025-06-06 00:36:20.996255+03	f	f
79	16	7	3	1	0	t	f	2025-06-06 02:00:33.479599+03	t	t
54	11	5	3	\N	\N	f	f	2025-06-06 00:36:21.00073+03	f	f
55	11	7	4	\N	\N	f	f	2025-06-06 00:36:21.002806+03	f	f
56	12	5	0	\N	\N	f	f	2025-06-06 00:55:42.537938+03	t	t
57	12	7	1	\N	\N	f	f	2025-06-06 00:55:42.539598+03	t	t
58	12	6	2	\N	\N	f	f	2025-06-06 00:55:42.540959+03	t	t
59	12	3	3	\N	\N	f	f	2025-06-06 00:55:42.542263+03	f	f
60	12	4	4	\N	\N	f	f	2025-06-06 00:55:42.543471+03	f	f
61	13	3	0	\N	\N	f	f	2025-06-06 01:09:28.780168+03	t	t
62	13	6	1	\N	\N	f	f	2025-06-06 01:09:28.781385+03	t	t
63	13	7	2	\N	\N	f	f	2025-06-06 01:09:28.782491+03	t	t
64	13	5	3	\N	\N	f	f	2025-06-06 01:09:28.784326+03	t	t
65	13	4	4	0	0	f	f	2025-06-06 01:09:28.785266+03	t	t
80	16	3	4	0	1	f	f	2025-06-06 02:00:33.480775+03	t	t
66	14	6	0	\N	\N	f	f	2025-06-06 01:11:44.723558+03	t	t
67	14	7	1	\N	\N	f	f	2025-06-06 01:11:44.725911+03	t	t
68	14	4	2	\N	\N	f	f	2025-06-06 01:11:44.726734+03	t	t
69	14	3	3	\N	\N	f	f	2025-06-06 01:11:44.727508+03	t	t
70	14	5	4	папафыв	вапыв	f	f	2025-06-06 01:11:44.728255+03	t	t
81	17	5	0	POST	GET	t	f	2025-06-06 02:14:19.421594+03	t	t
82	17	4	1	404	401	t	f	2025-06-06 02:14:19.423421+03	t	t
83	17	6	2	SQL	Java	t	f	2025-06-06 02:14:19.42451+03	t	t
84	17	3	3	null str	str	t	f	2025-06-06 02:14:19.425699+03	t	t
85	17	7	4	1	0	t	f	2025-06-06 02:14:19.427006+03	t	t
86	18	4	0	\N	\N	f	f	2025-06-06 03:18:20.315899+03	t	t
87	18	8	1	\N	\N	f	f	2025-06-06 03:18:20.31721+03	t	t
88	18	3	2	\N	\N	f	f	2025-06-06 03:18:20.318546+03	t	t
89	18	5	3	\N	\N	f	f	2025-06-06 03:18:20.319668+03	t	t
90	18	6	4	SQL	Java	t	f	2025-06-06 03:18:20.320904+03	t	t
91	19	5	0	GET	PUT	f	f	2025-06-06 03:19:00.436665+03	t	t
92	19	7	1	564	6546546	f	f	2025-06-06 03:19:00.438072+03	t	t
93	19	4	2	404	500	t	f	2025-06-06 03:19:00.439408+03	t	t
94	19	3	3	str	str	f	f	2025-06-06 03:19:00.441059+03	t	t
95	19	6	4	Java	C++	f	f	2025-06-06 03:19:00.442001+03	t	t
96	20	6	0	Python	Java	f	f	2025-06-06 03:19:40.13275+03	t	t
97	20	3	1	str	str	f	f	2025-06-06 03:19:40.133932+03	t	t
98	20	4	2	200	200	f	f	2025-06-06 03:19:40.134989+03	t	t
99	20	7	3	fdsf	fds	f	f	2025-06-06 03:19:40.135947+03	t	t
100	20	5	4	DELETE	DELETE	f	f	2025-06-06 03:19:40.137281+03	t	t
101	21	8	0	\N	\N	f	f	2025-06-06 03:20:29.791162+03	t	t
102	21	7	1	dffsd	fdsfdsa	f	f	2025-06-06 03:20:29.792438+03	t	t
103	21	4	2	200	500	f	f	2025-06-06 03:20:29.793683+03	t	t
104	21	3	3	str	str	f	f	2025-06-06 03:20:29.795086+03	t	t
105	21	6	4	Java	C++	f	f	2025-06-06 03:20:29.796115+03	t	t
106	22	4	0	500	500	f	f	2025-06-06 03:21:03.246426+03	t	t
107	22	5	1	POST	PUT	t	f	2025-06-06 03:21:03.247606+03	t	t
108	22	6	2	Java	C++	f	f	2025-06-06 03:21:03.249179+03	t	t
109	22	7	3	das	dsadas	f	f	2025-06-06 03:21:03.250547+03	t	t
110	22	3	4	str	str	f	f	2025-06-06 03:21:03.25157+03	t	t
111	23	6	0	Java	Java	f	f	2025-06-06 03:21:47.198855+03	t	t
112	23	5	1	DELETE	DELETE	f	f	2025-06-06 03:21:47.199919+03	t	t
113	23	4	2	500	500	f	f	2025-06-06 03:21:47.200967+03	t	t
114	23	3	3	str	str	f	f	2025-06-06 03:21:47.20267+03	t	t
115	23	8	4	Convert.ToInt32;inputString	dsasa;fasd	t	f	2025-06-06 03:21:47.203683+03	t	t
116	24	3	0	null str	str	t	f	2025-06-06 23:09:40.954813+03	t	t
117	24	7	1	1	0	t	f	2025-06-06 23:09:40.956378+03	t	t
118	24	4	2	404	200	t	f	2025-06-06 23:09:40.957573+03	t	t
119	24	6	3	SQL	Python	t	f	2025-06-06 23:09:40.958782+03	t	t
120	24	5	4	POST	PUT	t	f	2025-06-06 23:09:40.959916+03	t	t
121	25	3	0	null str	str	t	f	2025-06-06 23:10:26.180628+03	t	t
122	25	5	1	POST	PUT	t	f	2025-06-06 23:10:26.181615+03	t	t
123	25	7	2	1	0	t	f	2025-06-06 23:10:26.182581+03	t	t
124	25	4	3	200	500	f	f	2025-06-06 23:10:26.183665+03	t	t
125	25	6	4	C++	Java	f	f	2025-06-06 23:10:26.184615+03	t	t
126	26	5	0	DELETE	GET	f	f	2025-06-06 23:11:29.477529+03	t	t
127	26	8	1	\N	\N	f	f	2025-06-06 23:11:29.478983+03	t	t
128	26	7	2	31231	321312	f	f	2025-06-06 23:11:29.480212+03	t	t
129	26	6	3	C++	Java	f	f	2025-06-06 23:11:29.482176+03	t	t
130	26	4	4	500	200	f	f	2025-06-06 23:11:29.484981+03	t	t
131	27	8	0	\N	\N	f	f	2025-06-07 22:44:48.407831+03	t	t
132	27	7	1	1	-	t	f	2025-06-07 22:44:48.409254+03	t	t
133	27	6	2	Python	C++	f	f	2025-06-07 22:44:48.410618+03	t	t
134	27	5	3	PUT	DELETE	f	f	2025-06-07 22:44:48.411934+03	t	t
135	27	3	4	str	str	f	f	2025-06-07 22:44:48.419036+03	t	t
\.


--
-- Data for Name: Duels; Type: TABLE DATA; Schema: public; Owner: postgres
--

COPY public."Duels" ("Id", "FirstUserId", "SecondUserId", "StartTime", "EndTime", "WinnerId", "IsDraw", "IsCompleted", "FirstUserCorrectAnswers", "SecondUserCorrectAnswers", "Status") FROM stdin;
1	1	2	2025-06-05 23:37:54.630073+03	2025-06-05 23:39:29.354527+03	\N	t	t	0	0	completed
2	1	2	2025-06-05 23:40:00.925562+03	2025-06-05 23:41:30.671982+03	\N	t	t	0	0	completed
3	1	2	2025-06-05 23:47:22.171865+03	2025-06-05 23:48:52.022218+03	\N	t	t	0	0	completed
4	1	2	2025-06-06 00:01:12.262731+03	2025-06-06 00:03:03.825963+03	\N	t	t	0	0	completed
5	1	3	2025-06-06 00:10:18.122622+03	2025-06-06 00:12:32.43132+03	\N	t	t	0	0	completed
6	1	3	2025-06-06 00:13:54.567092+03	2025-06-06 00:14:05.281882+03	\N	t	t	0	0	completed
7	1	3	2025-06-06 00:18:33.697892+03	2025-06-06 00:19:28.113682+03	\N	t	t	0	0	completed
8	1	3	2025-06-06 00:21:18.773939+03	2025-06-06 00:25:38.05391+03	\N	t	t	0	0	completed
9	1	3	2025-06-06 00:25:48.981312+03	2025-06-06 00:26:13.491587+03	\N	t	t	0	0	completed
10	1	3	2025-06-06 00:28:55.175593+03	2025-06-06 00:29:18.334975+03	\N	t	t	0	0	completed
11	1	3	2025-06-06 00:35:46.717827+03	2025-06-06 00:36:21.002943+03	\N	t	t	0	0	completed
12	1	3	2025-06-06 00:54:31.196715+03	2025-06-06 00:55:42.543695+03	\N	t	t	0	0	completed
13	1	3	2025-06-06 01:08:08.018427+03	2025-06-06 01:09:28.785308+03	\N	t	t	0	0	completed
14	1	3	2025-06-06 01:10:26.212677+03	2025-06-06 01:11:44.7283+03	\N	t	t	0	0	completed
15	1	3	2025-06-06 01:18:59.510944+03	2025-06-06 01:20:35.171675+03	\N	t	t	0	0	completed
16	1	3	2025-06-06 01:59:39.501403+03	2025-06-06 02:00:33.480822+03	1	f	t	1	0	completed
17	1	3	2025-06-06 02:13:12.943357+03	2025-06-06 02:14:19.427057+03	1	f	t	5	0	completed
18	1	3	2025-06-06 03:17:02.802562+03	2025-06-06 03:18:20.320948+03	1	f	t	1	0	completed
19	1	3	2025-06-06 03:18:29.994018+03	2025-06-06 03:19:00.442045+03	1	f	t	1	0	completed
20	1	3	2025-06-06 03:19:09.146941+03	2025-06-06 03:19:40.137323+03	\N	t	t	0	0	completed
21	1	3	2025-06-06 03:19:48.279676+03	2025-06-06 03:20:29.796158+03	\N	t	t	0	0	completed
22	1	3	2025-06-06 03:20:36.370779+03	2025-06-06 03:21:03.251611+03	1	f	t	1	0	completed
23	1	3	2025-06-06 03:21:09.640037+03	2025-06-06 03:21:47.203732+03	1	f	t	1	0	completed
24	1	3	2025-06-06 23:08:42.637546+03	2025-06-06 23:09:40.960086+03	1	f	t	5	0	completed
25	1	3	2025-06-06 23:09:52.000412+03	2025-06-06 23:10:26.184664+03	1	f	t	3	0	completed
26	1	3	2025-06-06 23:10:40.229742+03	2025-06-06 23:11:29.485026+03	\N	t	t	0	0	completed
27	1	3	2025-06-07 22:43:35.954981+03	2025-06-07 22:44:48.419233+03	1	f	t	1	0	completed
\.


--
-- Data for Name: Questions; Type: TABLE DATA; Schema: public; Owner: postgres
--

COPY public."Questions" ("Id", "Text", "CorrectAnswer", "Explanation", "Difficulty", "Category", "BlanksData", "CreatedAt", "Options", "QuestionType") FROM stdin;
3	Что выведет функция? string str = null Console.Write(str + 'str')	null str	string	0	string	\N	2025-06-05 01:59:01.289122+03	{"options": ["null str", "str"], "correctIndex": 1}	2
4	Какой HTTP-код означает «Не найдено»?	404	string	0	string	\N	2025-06-05 23:15:03.879498+03	{"options": ["401", "404", "200", "500"], "correctIndex": 1}	2
5	Какой HTTP-метод используется для создания ресурса?	POST	string	0	string	\N	2025-06-05 23:20:26.563847+03	{"options": ["GET", "POST", "PUT", "DELETE"], "correctIndex": 1}	2
6	Как называется язык запросов к базам данных?	SQL	string	0	string	\N	2025-06-05 23:25:34.53163+03	{"options": ["SQL", "Python", "Java", "C++"], "correctIndex": 0}	2
7	Что выведет код? int x = 8; x++; Console.Write(x % 4)	1	string	0	string	\N	2025-06-05 23:35:36.289616+03	\N	1
8	Заполните пропуски в коде преобразования строки в число	Convert.ToInt32;inputString	string	0	string	{"blanks": ["метод", "переменная"], "template": "int result = __(__);"}	2025-06-06 03:16:10.946598+03	\N	3
\.


--
-- Data for Name: Users; Type: TABLE DATA; Schema: public; Owner: postgres
--

COPY public."Users" ("Id", "Username", "Email", "PasswordHash", "RegistrationDate", "TotalWins", "TotalLosses", "Rating", "IsSearchingOpponent") FROM stdin;
2	test2	test2@gmail.com	9f86d081884c7d659a2feaa0c55ad015a3bf4f1b2b0b822cd15d6c15b0f00a08	2025-06-05 23:37:36.460771+03	0	0	1000	f
1	test1	test1@gmail.com	9f86d081884c7d659a2feaa0c55ad015a3bf4f1b2b0b822cd15d6c15b0f00a08	2025-06-05 23:36:36.492411+03	9	0	1000	f
3	admin	admin@gmail.com	8c6976e5b5410415bde908bd4dee15dfb167a9c873fc4bb8a81f6f2ab448a918	2025-06-06 00:02:56.568517+03	0	9	1000	f
\.


--
-- Data for Name: __EFMigrationsHistory; Type: TABLE DATA; Schema: public; Owner: postgres
--

COPY public."__EFMigrationsHistory" ("MigrationId", "ProductVersion") FROM stdin;
20250403132407_InitialCreate	7.0.10
20250429184437_initContainer	7.0.10
20250430100513_addNullable	7.0.10
20250604204439_AddQuestionTypes	7.0.10
\.


--
-- Name: DuelQuestions_Id_seq; Type: SEQUENCE SET; Schema: public; Owner: postgres
--

SELECT pg_catalog.setval('public."DuelQuestions_Id_seq"', 135, true);


--
-- Name: Duels_Id_seq; Type: SEQUENCE SET; Schema: public; Owner: postgres
--

SELECT pg_catalog.setval('public."Duels_Id_seq"', 27, true);


--
-- Name: Questions_Id_seq; Type: SEQUENCE SET; Schema: public; Owner: postgres
--

SELECT pg_catalog.setval('public."Questions_Id_seq"', 8, true);


--
-- Name: Users_Id_seq; Type: SEQUENCE SET; Schema: public; Owner: postgres
--

SELECT pg_catalog.setval('public."Users_Id_seq"', 3, true);


--
-- Name: DuelQuestions PK_DuelQuestions; Type: CONSTRAINT; Schema: public; Owner: postgres
--

ALTER TABLE ONLY public."DuelQuestions"
    ADD CONSTRAINT "PK_DuelQuestions" PRIMARY KEY ("Id");


--
-- Name: Duels PK_Duels; Type: CONSTRAINT; Schema: public; Owner: postgres
--

ALTER TABLE ONLY public."Duels"
    ADD CONSTRAINT "PK_Duels" PRIMARY KEY ("Id");


--
-- Name: Questions PK_Questions; Type: CONSTRAINT; Schema: public; Owner: postgres
--

ALTER TABLE ONLY public."Questions"
    ADD CONSTRAINT "PK_Questions" PRIMARY KEY ("Id");


--
-- Name: Users PK_Users; Type: CONSTRAINT; Schema: public; Owner: postgres
--

ALTER TABLE ONLY public."Users"
    ADD CONSTRAINT "PK_Users" PRIMARY KEY ("Id");


--
-- Name: __EFMigrationsHistory PK___EFMigrationsHistory; Type: CONSTRAINT; Schema: public; Owner: postgres
--

ALTER TABLE ONLY public."__EFMigrationsHistory"
    ADD CONSTRAINT "PK___EFMigrationsHistory" PRIMARY KEY ("MigrationId");


--
-- Name: IX_DuelQuestions_DuelId; Type: INDEX; Schema: public; Owner: postgres
--

CREATE INDEX "IX_DuelQuestions_DuelId" ON public."DuelQuestions" USING btree ("DuelId");


--
-- Name: IX_DuelQuestions_QuestionId; Type: INDEX; Schema: public; Owner: postgres
--

CREATE INDEX "IX_DuelQuestions_QuestionId" ON public."DuelQuestions" USING btree ("QuestionId");


--
-- Name: IX_Duels_FirstUserId; Type: INDEX; Schema: public; Owner: postgres
--

CREATE INDEX "IX_Duels_FirstUserId" ON public."Duels" USING btree ("FirstUserId");


--
-- Name: IX_Duels_SecondUserId; Type: INDEX; Schema: public; Owner: postgres
--

CREATE INDEX "IX_Duels_SecondUserId" ON public."Duels" USING btree ("SecondUserId");


--
-- Name: IX_Duels_WinnerId; Type: INDEX; Schema: public; Owner: postgres
--

CREATE INDEX "IX_Duels_WinnerId" ON public."Duels" USING btree ("WinnerId");


--
-- Name: IX_Questions_BlanksData_GIN; Type: INDEX; Schema: public; Owner: postgres
--

CREATE INDEX "IX_Questions_BlanksData_GIN" ON public."Questions" USING gin ("BlanksData");


--
-- Name: IX_Questions_FillBlanks; Type: INDEX; Schema: public; Owner: postgres
--

CREATE INDEX "IX_Questions_FillBlanks" ON public."Questions" USING btree ("Id") WHERE ("QuestionType" = 3);


--
-- Name: IX_Questions_Options_GIN; Type: INDEX; Schema: public; Owner: postgres
--

CREATE INDEX "IX_Questions_Options_GIN" ON public."Questions" USING gin ("Options");


--
-- Name: IX_Questions_QuestionType; Type: INDEX; Schema: public; Owner: postgres
--

CREATE INDEX "IX_Questions_QuestionType" ON public."Questions" USING btree ("QuestionType");


--
-- Name: IX_Questions_QuestionType_Category; Type: INDEX; Schema: public; Owner: postgres
--

CREATE INDEX "IX_Questions_QuestionType_Category" ON public."Questions" USING btree ("QuestionType", "Category");


--
-- Name: IX_Users_Email; Type: INDEX; Schema: public; Owner: postgres
--

CREATE UNIQUE INDEX "IX_Users_Email" ON public."Users" USING btree ("Email");


--
-- Name: IX_Users_Username; Type: INDEX; Schema: public; Owner: postgres
--

CREATE UNIQUE INDEX "IX_Users_Username" ON public."Users" USING btree ("Username");


--
-- Name: DuelQuestions FK_DuelQuestions_Duels_DuelId; Type: FK CONSTRAINT; Schema: public; Owner: postgres
--

ALTER TABLE ONLY public."DuelQuestions"
    ADD CONSTRAINT "FK_DuelQuestions_Duels_DuelId" FOREIGN KEY ("DuelId") REFERENCES public."Duels"("Id") ON DELETE CASCADE;


--
-- Name: DuelQuestions FK_DuelQuestions_Questions_QuestionId; Type: FK CONSTRAINT; Schema: public; Owner: postgres
--

ALTER TABLE ONLY public."DuelQuestions"
    ADD CONSTRAINT "FK_DuelQuestions_Questions_QuestionId" FOREIGN KEY ("QuestionId") REFERENCES public."Questions"("Id") ON DELETE CASCADE;


--
-- Name: Duels FK_Duels_Users_FirstUserId; Type: FK CONSTRAINT; Schema: public; Owner: postgres
--

ALTER TABLE ONLY public."Duels"
    ADD CONSTRAINT "FK_Duels_Users_FirstUserId" FOREIGN KEY ("FirstUserId") REFERENCES public."Users"("Id") ON DELETE RESTRICT;


--
-- Name: Duels FK_Duels_Users_SecondUserId; Type: FK CONSTRAINT; Schema: public; Owner: postgres
--

ALTER TABLE ONLY public."Duels"
    ADD CONSTRAINT "FK_Duels_Users_SecondUserId" FOREIGN KEY ("SecondUserId") REFERENCES public."Users"("Id") ON DELETE RESTRICT;


--
-- Name: Duels FK_Duels_Users_WinnerId; Type: FK CONSTRAINT; Schema: public; Owner: postgres
--

ALTER TABLE ONLY public."Duels"
    ADD CONSTRAINT "FK_Duels_Users_WinnerId" FOREIGN KEY ("WinnerId") REFERENCES public."Users"("Id") ON DELETE RESTRICT;


--
-- PostgreSQL database dump complete
--

